time,latitude,longitude,depth,mag,magType,nst,gap,dmin,rms,net,id,updated,place,type,horizontalError,depthError,magError,magNst,status,locationSource,magSource
2020-12-01T23:32:56.573Z,38.1637,-118.0837,5,5.1,ml,21,42.28,0.025,0.1986,nn,nn00787105,2021-02-06T18:29:35.040Z,"25 km S of Mina, Nevada",earthquake,,2.5,0.25,11,reviewed,nn,nn
2020-11-13T09:13:51.862Z,38.1693,-117.8533,4.8,5.3,ml,34,38.45,0.016,0.1165,nn,nn00782942,2021-04-27T07:04:53.937Z,"33 km SE of Mina, Nevada",earthquake,,0.6,0.23,13,reviewed,nn,nn
2020-06-30T09:24:23.549Z,38.1539,-117.9583,8.3,5,ml,28,44.32,0.015,0.2511,nn,nn00755218,2020-09-05T17:35:36.040Z,"29 km SSE of Mina, Nevada",earthquake,,0.9,0.28,7,reviewed,nn,nn
2020-06-24T17:40:49.240Z,36.4468333,-117.97517,4.66,5.8,mw,48,67,0.08494,0.19,ci,ci39493944,2021-05-19T17:51:04.836Z,"18km SSE of Lone Pine, CA",earthquake,0.18,0.66,,6,reviewed,ci,ci
2020-06-04T01:32:11.140Z,35.6148333,-117.42817,8.44,5.51,mw,85,45,0.0396,0.21,ci,ci39462536,2021-04-20T16:37:27.267Z,"17km S of Searles Valley, CA",earthquake,0.15,0.45,,6,reviewed,ci,ci
2020-05-22T00:22:00.588Z,38.2309,-117.7939,7.2,5.1,ml,31,47.16,0.092,0.1378,nn,nn00730721,2020-08-08T18:17:48.040Z,"53km WNW of Tonopah, Nevada",earthquake,,1.4,0.44,11,reviewed,nn,nn
2020-05-20T12:36:53.447Z,38.2012,-117.7453,11.7,5,ml,20,49.32,0.128,0.1674,nn,nn00729332,2020-08-09T10:22:23.139Z,"46km WNW of Tonopah, Nevada",earthquake,,1.3,0.1,4,reviewed,nn,nn
2020-05-15T11:26:01.747Z,38.1811,-117.8711,6.8,5.1,ml,18,49,0.337,0.2335,nn,nn00725291,2020-08-02T00:31:42.040Z,"55km WNW of Tonopah, Nevada",earthquake,,8.6,0.42,10,reviewed,nn,nn
2020-05-15T11:03:27.176Z,38.1689,-117.8497,2.7,6.5,ml,27,55.79,0.357,0.2669,nn,nn00725272,2021-05-15T11:13:44.782Z,"Monte Cristo Range, NV Earthquake",earthquake,,2.1,,,reviewed,nn,nn
2020-04-11T14:36:37.040Z,38.0525,-118.73333,8.45,5.24,mw,46,97,0.268,0.06,nc,nc73367270,2021-04-11T14:46:53.802Z,"30km SE of Bodie, CA",earthquake,0.21,1.15,,4,reviewed,nc,nc
2020-03-18T22:08:20.920Z,40.3475,-124.45617,28.61,5.21,mw,34,248,0.105,0.16,nc,nc73355700,2021-03-18T22:18:33.066Z,"15km W of Petrolia, CA",earthquake,0.78,0.55,,5,reviewed,nc,nc
2020-03-09T02:59:08.860Z,40.3916667,-125.09367,3.19,5.77,mw,40,277,0.5832,0.29,nc,nc73351710,2021-03-09T03:09:16.376Z,"69km W of Petrolia, CA",earthquake,0.99,1.38,,4,reviewed,nc,nc
2019-07-06T04:18:55.790Z,35.9101667,-117.68483,7.41,5.44,mw,66,37,0.07213,0.17,ci,ci38457847,2020-05-21T01:08:33.207Z,"20km E of Little Lake, CA",earthquake,0.12,0.36,,6,reviewed,ci,ci
2019-07-06T03:47:53.420Z,35.9011667,-117.7495,5.04,5.5,mw,49,33,0.07334,0.16,ci,ci38457687,2020-07-09T21:44:24.632Z,"15km ESE of Little Lake, CA",earthquake,0.13,0.5,,4,reviewed,ci,ci
2019-07-06T03:19:53.040Z,35.7695,-117.59933,8,7.1,mw,77,43,0.04616,0.22,ci,ci38457511,2021-05-24T07:32:32.436Z,2019 Ridgecrest Earthquake Sequence,earthquake,0.19,31.61,,0,reviewed,ci,ci
2019-07-05T11:07:53.040Z,35.7603333,-117.575,6.95,5.37,mw,79,43,0.05824,0.2,ci,ci38450263,2020-07-14T17:30:09.310Z,"16km W of Searles Valley, CA",earthquake,0.13,0.36,,6,reviewed,ci,ci
2019-07-04T17:33:49.000Z,35.7053333,-117.50383,10.5,6.4,mw,62,47,0.1233,0.16,ci,ci38443183,2021-05-24T07:31:29.183Z,Ridgecrest Earthquake Sequence,earthquake,0.15,0.36,,6,reviewed,ci,ci
2019-06-23T03:53:02.890Z,40.2735,-124.30033,9.44,5.58,mw,34,159,0.03116,0.17,nc,nc73201181,2020-07-10T14:25:30.367Z,"6km SSW of Petrolia, CA",earthquake,0.34,0.21,,6,reviewed,nc,nc
2018-04-05T19:29:16.500Z,33.8375,-119.72583,9.87,5.29,mw,90,129,0.1747,0.31,ci,ci37908735,2020-09-21T22:50:05.267Z,"29km SW of Santa Cruz Is. (E end), CA",earthquake,0.28,31.61,,6,reviewed,ci,ci
2017-07-29T00:02:40.910Z,40.7821667,-125.18067,26.54,5.08,mw,101,230,0.7111,0.18,nc,nc72852151,2017-10-14T00:19:45.040Z,"80km WNW of Ferndale, California",earthquake,0.95,9.97,,5,reviewed,nc,nc
2016-12-28T09:13:47.243Z,38.3777,-118.8957,8.8,5.5,ml,33,48.58,0.129,0.2187,nn,nn00570744,2020-05-21T01:43:17.438Z,"28km SW of Hawthorne, Nevada",earthquake,,2,0.26,18,reviewed,nn,nn
2016-12-28T08:22:12.208Z,38.3904,-118.8972,12.2,5.6,ml,43,42.44,0.123,0.1913,nn,nn00570710,2018-07-02T18:09:31.575Z,"26km SW of Hawthorne, Nevada",earthquake,,1.2,0.32,18,reviewed,nn,nn
2016-12-28T08:18:00.613Z,38.3755,-118.8989,11.3,5.6,ml,37,35.89,0.133,0.1599,nn,nn00570709,2020-07-10T14:27:55.840Z,"27km SW of Hawthorne, Nevada",earthquake,,1,0.35,20,reviewed,nn,nn
2016-12-14T16:41:05.530Z,38.8221667,-122.84133,1.48,5.01,mw,85,26,0.01351,0.06,nc,nc72737985,2020-05-21T01:30:54.745Z,"8km NW of The Geysers, California",earthquake,0.08,0.1,,6,reviewed,nc,nc
2016-08-10T02:57:17.510Z,39.3293333,-122.80183,14.45,5.09,mw,120,32,0.155,0.15,nc,nc72672610,2020-10-20T02:39:54.728Z,"20km NNE of Upper Lake, California",earthquake,0.12,0.21,,6,reviewed,nc,nc
2016-06-10T08:04:38.700Z,33.4315,-116.44267,12.31,5.19,mw,143,18,0.09275,0.23,ci,ci37374687,2021-02-19T01:00:53.943Z,"20km NNW of Borrego Springs, CA",earthquake,0.13,0.34,,6,reviewed,ci,ci
2015-05-22T18:47:42.980Z,37.2925,-114.6546,4,5.3,ml,32,109.36,0.335,0.159,nn,nn00495477,2018-06-29T23:53:44.297Z,"37km SSW of Caliente, Nevada",earthquake,,1.9,0.22,11,reviewed,nn,nn
2015-01-28T21:08:53.710Z,40.3178333,-124.60667,16.881,5.72,mw,52,230,0.2459,0.13,nc,nc72387946,2020-07-10T14:25:05.382Z,"40km SW of Ferndale, California",earthquake,0.54,0.33,,13,reviewed,nc,nc
2014-08-24T10:20:44.070Z,38.2151667,-122.31233,11.12,6.02,mw,369,28,0.03604,0.18,nc,nc72282711,2021-03-08T17:30:16.641Z,South Napa,earthquake,0.11,0.15,,0,reviewed,nc,nc
2014-03-29T04:09:42.170Z,33.9325,-117.91583,5.09,5.1,mw,321,9,0.01443,0.24,ci,ci15481673,2021-05-14T00:36:05.924Z,"2km NW of Brea, CA",earthquake,0.1,0.21,,6,reviewed,ci,ci
2014-03-10T05:18:13.430Z,40.8286667,-125.13383,16.441,6.8,mw,112,229,0.6568,0.15,nc,nc72182046,2020-07-10T14:24:50.669Z,"78km WNW of Ferndale, California",earthquake,0.64,1.88,,5,reviewed,nc,nc
2013-05-24T03:47:08.180Z,40.1918333,-121.0595,7.968,5.69,mw,32,69,0.08649,0.08,nc,nc71996906,2020-07-10T14:24:39.433Z,"10km WNW of Greenville, California",earthquake,0.26,0.68,,5,reviewed,nc,nc
2013-02-13T00:10:14.393Z,38.0222,-118.0553,7.5,5.1,ml,29,81.88,0.206,0.1391,nn,nn00402688,2018-06-29T22:33:47.366Z,"72km W of Tonopah, Nevada",earthquake,,2.6,0.33,4,reviewed,nn,nn
2012-10-21T06:55:09.510Z,36.3096667,-120.856,8.619,5.29,mw,100,68,0.06126,0.13,nc,nc71863625,2019-05-07T21:38:43.890Z,Central California,earthquake,0.17,0.42,,5,reviewed,nc,nc
2012-08-26T20:57:58.220Z,33.0185,-115.54033,8.283,5.41,mw,47,47,0.0329,0.16,ci,ci15200401,2020-07-09T21:14:09.065Z,"4km NNW of Brawley, CA",earthquake,0.3,0.66,,6,reviewed,ci,ci
2012-08-26T19:31:23.040Z,33.0171667,-115.55367,8.323,5.32,mw,56,73,0.03163,0.21,ci,ci15199681,2021-02-19T00:57:47.731Z,"5km NNW of Brawley, CA",earthquake,0.32,0.72,,6,reviewed,ci,ci
2012-07-21T06:04:21.250Z,40.4116667,-125.33083,5.871,5.19,mw,42,253,0.7604,0.18,nc,nc71819471,2020-05-02T03:00:52.855Z,offshore Northern California,earthquake,2.52,2.71,,7,reviewed,nc,nc
2012-02-13T21:07:02.770Z,41.1431667,-123.79033,27.358,5.6,mw,41,72,0.1766,0.27,nc,nc71734741,2020-07-10T14:24:14.907Z,Northern California,earthquake,0.43,1.19,,4,reviewed,nc,nc
2010-07-07T23:53:33.480Z,33.4173333,-116.47467,12.318,5.42,mw,112,19,0.09786,0.23,ci,ci10736069,2021-02-12T06:42:11.819Z,"20km NNW of Borrego Springs, CA",earthquake,0.16,0.35,,7,reviewed,ci,ci
2010-06-15T04:26:58.240Z,32.705,-115.91133,8.756,5.71,mw,45,71,0.05832,0.2,ci,ci14745580,2020-07-07T22:07:16.775Z,"8km ESE of Ocotillo, CA",earthquake,0.41,0.83,,6,reviewed,ci,ci
2010-04-04T22:43:00.430Z,32.4533333,-115.632,9.981,5.26,ml,16,239,0.3162,0.26,ci,ci10184394,2017-02-08T15:33:36.578Z,"15km SSW of Progreso, B.C., MX",earthquake,1,31.61,0.11,13,reviewed,ci,ci
2010-02-04T20:20:21.970Z,40.4123333,-124.96133,23.048,5.88,mw,41,233,0.4802,0.19,nc,nc71348851,2020-05-02T02:15:43.109Z,"61km WSW of Ferndale, California",earthquake,1.42,7.41,,7,reviewed,nc,nc
2010-01-10T00:27:39.320Z,40.652,-124.6925,28.737,6.5,mw,51,220,0.3225,0.2,nc,nc71338066,2020-07-07T22:36:48.275Z,offshore Northern California,earthquake,0.55,1.31,,8,reviewed,nc,nc
2009-12-30T18:48:57.330Z,32.464,-115.18917,5.971,5.8,mw,19,205,0.324,0.39,ci,ci14565620,2020-09-10T04:27:37.677Z,"12km N of Delta, B.C., MX",earthquake,1.83,31.61,,7,reviewed,ci,ci
2009-10-03T01:16:00.310Z,36.391,-117.86083,-1.77,5.19,mw,36,50,0.1658,0.33,ci,ci14519780,2020-07-07T22:04:49.601Z,"18km NE of Olancha, CA",earthquake,0.46,1.22,,6,reviewed,ci,ci
2009-10-01T10:01:24.670Z,36.3878333,-117.85867,3.985,5,mw,34,49,0.1683,0.32,ci,ci14517500,2020-05-02T02:08:06.584Z,"18km NE of Olancha, CA",earthquake,0.49,31.61,,0,reviewed,ci,ci
2009-09-19T22:55:17.840Z,32.3706667,-115.26117,9.987,5.08,mw,27,261,0.4352,0.42,ci,ci14512436,2020-07-07T22:04:35.058Z,"7km WNW of Delta, B.C., MX",earthquake,1.89,31.61,,5,reviewed,ci,ci
2008-12-06T04:18:42.850Z,34.8133333,-116.41883,6.37,5.06,mw,48,65,0.07081,0.19,ci,ci14408052,2020-05-02T01:59:43.034Z,"26km WNW of Ludlow, CA",earthquake,0.21,0.78,,6,reviewed,ci,ci
2008-07-29T18:42:15.670Z,33.9485,-117.76633,15.503,5.44,mw,136,17,0.08724,0.3,ci,ci14383980,2021-02-12T08:02:07.647Z,"5km S of Chino Hills, CA",earthquake,0.19,0.52,,6,reviewed,ci,ci
2008-04-30T03:03:06.900Z,40.8358333,-123.49683,27.755,5.4,mw,33,36,0.1829,0.14,nc,nc40216664,2020-06-27T07:10:04.169Z,Northern California,earthquake,0.3,1.15,,8,reviewed,nc,nc
2008-04-26T06:40:10.453Z,39.5231,-119.9393,2.8,5.1,ml,35,39.56,0.008,0.122,nn,nn00385392,2018-07-24T21:38:00.689Z,"1km NW of Mogul, Nevada",earthquake,,0.5,0.13,2,reviewed,nn,nn
2008-02-21T14:34:55.538Z,41.137,-114.8398,0,5.1,ml,7,138.75,0.322,0.3244,nn,nn00517570,2015-11-16T20:00:35.791Z,"10km ENE of Wells, Nevada",earthquake,2.95,,0.33,6,reviewed,nn,nn
2008-02-21T14:16:02.821Z,41.1444,-114.8721,7.9,5.9,mw,18,95.21,0.318,0.1855,nn,nn00234425,2020-12-09T06:04:02.386Z,"8km ENE of Wells, Nevada",earthquake,,1.9,,,reviewed,nn,nn
2008-02-19T22:41:29.660Z,32.4325,-115.313,6.006,5.01,mw,32,210,0.3885,0.55,ci,ci14351140,2020-05-02T01:51:03.439Z,"14km NW of Delta, B.C., MX",earthquake,1.58,31.61,,6,reviewed,ci,ci
2007-10-31T03:04:54.810Z,37.4335,-121.77433,9.741,5.45,mw,156,50,0.02703,0.11,nc,nc40204628,2021-02-17T05:43:14.691Z,"San Francisco Bay area, California",earthquake,0.11,0.28,,6,reviewed,nc,nc
2007-06-25T02:32:24.620Z,41.1155,-124.8245,2.563,5,mw,213,213,0.6063,0.28,nc,nc51183469,2020-05-21T01:24:59.180Z,offshore Northern California,earthquake,0.54,2.63,,5,reviewed,nc,nc
2007-05-09T07:50:03.830Z,40.3745,-125.01617,-0.423,5.2,mw,57,239,0.527,0.14,nc,nc51181705,2020-06-27T06:37:55.529Z,offshore Northern California,earthquake,0.83,2.98,,4,reviewed,nc,nc
2007-02-26T12:21:02.140Z,40.642,-124.87,4.957,5.4,mh,21,329,,69.32,ci,ci10233309,2016-03-09T08:10:39.568Z,"52km W of Ferndale, CA",earthquake,99,31.61,,0,reviewed,ci,ci
2007-02-26T12:19:54.530Z,40.6428333,-124.86283,-0.533,5.4,mw,94,244,0.4333,0.19,nc,nc40193932,2020-06-27T06:20:58.789Z,offshore Northern California,earthquake,0.7,1.64,,13,reviewed,nc,nc
2006-07-19T11:41:43.460Z,40.2806667,-124.43317,20.064,5,mw,39,223,0.2081,0.09,nc,nc21527987,2020-05-06T09:05:26.783Z,offshore Northern California,earthquake,0.61,0.45,,6,reviewed,nc,nc
2005-09-02T01:27:19.590Z,33.1533333,-115.64633,1.207,5.08,mw,39,52,0.03525,0.33,ci,ci14179736,2021-02-18T19:24:46.862Z,"13km WNW of Calipatria, CA",earthquake,0.33,0.86,,6,reviewed,ci,ci
2005-06-12T15:41:46.520Z,33.5325,-116.56667,13.051,5.2,mw,96,19,0.04319,0.21,ci,ci14151344,2020-05-02T01:28:17.103Z,"10km ESE of Anza, CA",earthquake,0.17,0.26,,0,reviewed,ci,ci
2004-09-29T22:54:54.240Z,35.3898333,-118.6235,2.788,5.03,mw,71,18,,0.25,ci,ci14095628,2020-05-02T01:25:07.662Z,"25km SSW of Bodfish, California",earthquake,0.27,0.72,,6,reviewed,ci,ci
2004-09-29T17:10:04.030Z,35.9536667,-120.50217,10.772,5,mw,66,33,0.003604,0.07,nc,nc21401069,2020-05-06T06:59:12.438Z,Central California,earthquake,0.15,0.21,,6,reviewed,nc,nc
2004-09-28T17:15:24.250Z,35.8181667,-120.366,8.136,5.97,mw,61,26,0.01622,0.04,nc,nc30228270,2020-07-07T22:35:46.389Z,"18km N of Shandon, California",earthquake,0.14,0.25,,4,reviewed,nc,nc
2004-09-18T23:43:41.490Z,38.0233333,-118.658,0.431,5.35,mw,48,76,0.07117,0.07,nc,nc30500748,2018-04-24T21:16:56.131Z,"49km NE of Mammoth Lakes, California",earthquake,0.21,2.84,,6,reviewed,nc,nc
2004-09-18T23:02:17.750Z,38.0095,-118.6785,3.355,5.4,mw,52,55,0.05045,0.08,nc,nc21396205,2020-05-06T06:56:54.725Z,"47km NNE of Mammoth Lakes, California",earthquake,0.2,0.6,,9,reviewed,nc,nc
2003-12-22T19:15:56.240Z,35.7005,-121.1005,8.382,6.5,mw,65,71,0.04685,0.07,nc,nc21323712,2020-08-14T17:23:56.082Z,Central California,earthquake,0.16,0.6,,4,reviewed,nc,nc
2003-08-15T09:22:15.650Z,40.9786667,-125.35733,8.142,5,mw,84,251,0.9252,0.19,nc,nc21299771,2020-02-12T17:07:54.501Z,offshore Northern California,earthquake,1.63,18.03,,12,reviewed,nc,nc
2002-06-17T16:55:07.680Z,40.8098333,-124.552,17.195,5.2,mw,74,225,0.3721,0.16,nc,nc21231051,2020-02-12T17:38:08.993Z,offshore Northern California,earthquake,0.62,0.97,,3,reviewed,nc,nc
2001-10-31T07:56:16.630Z,33.5083333,-116.51433,13.678,5.02,mw,78,18.2,0.07467,0.26,ci,ci9718013,2020-02-12T17:51:08.600Z,"16km ESE of Anza, CA",earthquake,0.26,0.34,,6,reviewed,ci,ci
2001-08-10T20:19:27.060Z,39.8111667,-120.61667,5.011,5.2,mw,92,111,0.1459,0.34,nc,nc21188442,2020-02-12T17:57:31.982Z,Northern California,earthquake,0.42,0.92,,5,reviewed,nc,nc
2001-07-17T12:07:26.100Z,36.0163333,-117.87433,1.864,5.17,mw,39,37,,0.18,ci,ci9674049,2020-02-12T17:59:17.025Z,"7km ESE of Coso Junction, CA",earthquake,0.35,0.48,,6,reviewed,ci,ci
2001-01-13T13:08:42.100Z,40.7556667,-125.2445,2.243,5.4,mw,162,233,0.7459,0.26,nc,nc21143281,2020-02-12T18:11:31.788Z,offshore Northern California,earthquake,1.07,22.57,,6,reviewed,nc,nc
2000-03-16T15:19:56.380Z,40.3886667,-125.2385,4.803,5.7,mw,158,228,0.6946,0.29,nc,nc21086915,2017-03-17T16:04:43.394Z,offshore Northern California,earthquake,1.5,2.3,,4,reviewed,nc,nc
1999-10-16T12:57:21.060Z,34.4415,-116.2525,0.838,5.37,mw,33,64,,0.13,ci,ci3320736,2020-04-16T18:16:46.145Z,"32km SSW of Ludlow, California",earthquake,0.36,0.96,,6,reviewed,ci,ci
1999-10-16T09:59:38.000Z,34.24,-117.04,6,5.6,mb,,,,,ci,ci10180015,2020-07-09T21:09:47.651Z,"7km ENE of Running Springs, CA",earthquake,,,,0,reviewed,ci,ci
1999-10-16T09:59:35.390Z,34.6781667,-116.2895,13.906,5.77,ml,60,76,,0.35,ci,ci3320848,2020-07-09T21:30:41.719Z,"13km WSW of Ludlow, CA",earthquake,0.56,1.72,,270,reviewed,ci,ci
1999-10-16T09:46:44.460Z,34.6033333,-116.265,13.73,7.1,mw,73,57,,0.31,ci,ci9108652,2020-08-21T18:33:58.123Z,"Hector Mine, CA Earthquake",earthquake,0.35,31.61,,0,reviewed,ci,ci
1999-08-01T16:11:22.030Z,37.421,-117.004,4.208,5.05,ml,0,257.3,,0.419,ci,ci3319188,2016-02-15T23:29:39.080Z,"61km NNW of Beatty, Nevada",earthquake,,,,90,reviewed,ci,ci
1999-08-01T16:06:20.870Z,37.53,-116.968,6.037,5.94,ml,0,246.6,,0.446,ci,ci9098566,2016-11-09T23:07:38.088Z,"64km SSE of Tonopah, Nevada",earthquake,,,,150,reviewed,ci,ci
1999-05-15T13:22:10.660Z,37.5296667,-118.81717,2.934,5.5,mw,31,112,0.05495,0.04,nc,nc21014765,2020-07-10T14:20:22.765Z,Central California,earthquake,0.25,0.51,,6,reviewed,nc,nc
1998-11-27T00:43:49.060Z,40.6736667,-125.29217,4.492,5.4,mw,164,254,0.755,0.26,nc,nc30207272,2016-12-29T12:42:31.700Z,offshore Northern California,earthquake,1.71,3.5,,3,reviewed,nc,nc
1998-11-26T19:49:53.600Z,40.6261667,-122.414,24.59,5.1,mw,23,47,0.08939,0.08,nc,nc30207228,2019-02-22T01:38:01.530Z,"7km NW of Redding, CA",earthquake,0.24,0.5,,3,reviewed,nc,nc
1998-08-12T14:10:25.140Z,36.7545,-121.4615,8.822,5.1,mw,83,35,0.03784,0.19,nc,nc30190473,2020-07-07T22:35:32.781Z,Central California,earthquake,0.24,0.54,,5,reviewed,nc,nc
1998-03-07T00:36:46.840Z,36.076,-117.618,0.234,5.04,ml,0,83.8,,0.193,ci,ci9045109,2016-02-12T06:51:35.717Z,"30km E of Coso Junction, California",earthquake,,0.222,,100,reviewed,ci,ci
1998-03-06T05:47:40.340Z,36.067,-117.638,0.334,5.23,ml,0,87,,0.176,ci,ci9044494,2016-11-09T22:01:33.992Z,"28km E of Coso Junction, California",earthquake,,0.219,,100,reviewed,ci,ci
1997-10-26T10:44:06.410Z,41.0663333,-125.3235,4.602,5.2,mw,203,232,0.955,0.26,nc,nc528810,2016-12-26T16:47:57.020Z,offshore Northern California,earthquake,1.27,5.27,,4,reviewed,nc,nc
1997-10-04T10:57:34.180Z,41.0528333,-125.34333,6.792,5.5,mw,144,245,0.9586,0.15,nc,nc524039,2016-12-26T13:05:07.710Z,offshore Northern California,earthquake,0.93,14.89,,4,reviewed,nc,nc
1997-04-26T10:37:30.670Z,34.369,-118.67,15.892,5.07,ml,0,19.1,,0.269,ci,ci9008753,2016-02-12T19:17:44.098Z,"12km ESE of Piru, California",earthquake,,0.147,,100,reviewed,ci,ci
1997-03-18T15:24:47.720Z,34.971,-116.819,0.621,5.26,ml,0,37.9,,0.268,ci,ci7062511,2016-02-12T06:30:18.018Z,"20km ENE of Barstow, California",earthquake,,0.725,,80,reviewed,ci,ci
1997-01-26T06:23:19.440Z,40.2813333,-124.3965,21.566,5.2,mw,22,230,0.07568,0.11,nc,nc492691,2016-12-25T18:26:18.990Z,offshore Northern California,earthquake,1.25,0.4,,3,reviewed,nc,nc
1997-01-22T07:17:16.810Z,40.2736667,-124.37917,23.007,5.6,mw,27,217,0.06036,0.08,nc,nc492079,2020-07-10T14:23:28.071Z,offshore Northern California,earthquake,0.94,0.49,,3,reviewed,nc,nc
1996-11-27T20:17:24.110Z,36.075,-117.65,-0.02,5.3,mw,0,167.7,,0.198,ci,ci7050470,2016-11-10T00:04:31.311Z,"27km E of Coso Junction, California",earthquake,,0.272,,0,reviewed,ci,ci
1996-01-07T14:32:53.020Z,35.761,-117.646,3.236,5.17,ml,0,87.9,,0.184,ci,ci3248846,2016-02-12T18:42:25.298Z,"16km N of Ridgecrest, California",earthquake,,0.132,,78,reviewed,ci,ci
1995-09-20T23:27:36.270Z,35.761,-117.638,4.688,5.75,ml,0,88.2,,0.195,ci,ci3231786,2020-07-09T21:21:51.523Z,"16km NNE of Ridgecrest, California",earthquake,,0.469,,37,reviewed,ci,ci
1995-08-17T22:39:58.100Z,35.776,-117.662,4.784,5.36,ml,0,66.5,,0.166,ci,ci3225143,2016-11-09T23:16:18.139Z,"17km N of Ridgecrest, California",earthquake,,1.116,,68,reviewed,ci,ci
1995-06-26T08:40:28.940Z,34.394,-118.669,12.76,5.02,ml,0,17.7,,0.285,ci,ci3217586,2016-02-13T04:24:33.495Z,"11km SW of Valencia, California",earthquake,,0.107,,59,reviewed,ci,ci
1994-12-26T14:10:29.180Z,40.7383333,-124.30283,22.622,5.4,mw,33,194,0.264,0.07,nc,nc30065114,2020-07-10T14:21:47.539Z,offshore Northern California,earthquake,0.38,0.73,,3,reviewed,nc,nc
1994-09-12T23:57:09.750Z,38.7763333,-119.705,-0.942,5.1,mw,332,164,0.7685,0.46,nc,nc30057222,2016-12-22T13:43:57.360Z,Northern California,earthquake,0.44,0.65,,6,reviewed,nc,nc
1994-09-12T12:23:43.200Z,38.819,-119.652,11.629,5.7,ms,0,0,,0,ci,ci3184133,2020-07-07T22:10:14.007Z,"11km SE of Gardnerville Ranchos, Nevada",earthquake,,,,0,reviewed,ci,ci
1994-03-20T21:20:12.260Z,34.231,-118.475,12.442,5.24,ml,0,27,,0.332,ci,ci3159411,2016-11-09T22:07:22.255Z,"3km WNW of Panorama City, California",earthquake,,0.134,,40,reviewed,ci,ci
1994-01-29T11:20:35.970Z,34.306,-118.579,0.607,5.06,ml,0,22.4,,0.339,ci,ci3147406,2016-02-12T14:53:30.392Z,"6km NNE of Chatsworth, California",earthquake,,0.149,,20,reviewed,ci,ci
1994-01-19T21:11:44.900Z,34.378,-118.619,10.83,5.07,ml,0,43.5,,0.352,ci,ci3142597,2016-02-12T12:08:07.288Z,"10km SSW of Valencia, California",earthquake,,0.524,,18,reviewed,ci,ci
1994-01-19T21:09:28.610Z,34.379,-118.712,13.797,5.06,ml,0,41.5,,0.539,ci,ci3142595,2016-02-13T08:36:11.800Z,"8km ESE of Piru, California",earthquake,,0.188,,51,reviewed,ci,ci
1994-01-18T00:43:08.890Z,34.377,-118.698,10.709,5.24,ml,0,45.5,,0.311,ci,ci3141286,2020-04-16T18:54:30.059Z,"10km ESE of Piru, California",earthquake,,0.534,,8,reviewed,ci,ci
1994-01-17T23:33:30.690Z,34.326,-118.698,9.083,5.58,ml,0,23.9,,0.317,ci,ci3141273,2020-07-09T21:21:01.303Z,"7km NNE of Simi Valley, California",earthquake,,0.84,,28,reviewed,ci,ci
1994-01-17T12:40:36.120Z,34.34,-118.614,5.395,5.2,ml,0,179.8,0.2682,0.373,ci,ci3144694,2016-02-11T18:26:34.251Z,"9km N of Chatsworth, California",earthquake,,,,21,reviewed,ci,ci
1994-01-17T12:31:58.120Z,34.275,-118.493,5.317,5.89,ml,0,142.2,0.2557,0.494,ci,ci3149646,2020-07-09T21:21:19.090Z,"1km ENE of Granada Hills, California",earthquake,,,,4,reviewed,ci,ci
1994-01-17T12:30:55.390Z,34.213,-118.537,18.202,6.7,mw,0,29.7,,0.31,ci,ci3144585,2021-02-18T19:18:10.350Z,"1km NNW of Reseda, CA",earthquake,,0.403,,0,reviewed,ci,ci
1993-08-21T01:46:38.400Z,34.029,-116.321,8.245,5,ml,0,43.1,,0.23,ci,ci3118441,2016-02-10T02:50:36.885Z,"12km S of Joshua Tree, California",earthquake,,0.49,,52,reviewed,ci,ci
1993-05-28T04:47:40.600Z,35.149,-119.104,20.612,5.19,ml,0,36.9,,0.288,ci,ci3107503,2020-07-09T21:20:43.944Z,"21km SW of Lamont, California",earthquake,,0.34,,51,reviewed,ci,ci
1993-05-17T23:20:50.250Z,37.165,-117.774,3.599,6.1,mw,0,170.4,,0.344,ci,ci3105173,2021-01-04T22:39:38.507Z,"46km E of Big Pine, California",earthquake,,,,0,reviewed,ci,ci
1992-12-04T02:08:57.500Z,34.369,-116.898,1.325,5.26,ml,0,31.8,,0.222,ci,ci3081404,2016-11-10T00:07:24.741Z,"10km SE of Lucerne Valley, California",earthquake,,0.182,,35,reviewed,ci,ci
1992-11-27T16:00:57.490Z,34.34,-116.9,-0.402,5.29,ml,0,28.1,,0.211,ci,ci3079915,2020-07-09T21:20:05.226Z,"10km NNW of Big Bear City, California",earthquake,,0.257,,22,reviewed,ci,ci
1992-09-15T08:47:11.300Z,34.064,-116.361,7.177,5.26,ml,0,38.4,,0.229,ci,ci3062563,2016-11-09T23:29:42.998Z,"9km SE of Yucca Valley, California",earthquake,,0.619,,25,reviewed,ci,ci
1992-08-17T20:41:52.120Z,34.195,-116.863,9.44,5.23,ml,0,25,,0.176,ci,ci3055028,2020-07-09T21:19:27.026Z,"7km SE of Big Bear Lake, California",earthquake,,0.259,,23,reviewed,ci,ci
1992-07-11T18:14:16.160Z,35.21,-118.067,9.564,5.67,ml,0,28.2,,0.178,ci,ci3041390,2020-07-09T21:18:51.024Z,"12km NW of California City, California",earthquake,,0.578,,15,reviewed,ci,ci
1992-07-05T21:18:27.600Z,34.583,-116.322,4.922,5.42,ml,0,71.6,,0.296,ci,ci3035348,2020-07-09T21:18:12.105Z,"21km SW of Ludlow, California",earthquake,,,,21,reviewed,ci,ci
1992-07-01T07:40:29.900Z,34.33,-116.464,5.091,5.34,ml,0,109.4,,0.22,ci,ci3032643,2020-07-09T21:17:59.393Z,"24km N of Yucca Valley, California",earthquake,,,,20,reviewed,ci,ci
1992-06-29T14:13:38.770Z,34.1045,-116.39,11.191,5.08,mc,99,71,,0.45,ci,ci3031615,2016-11-09T22:52:24.389Z,"4km ESE of Yucca Valley, CA",earthquake,0.76,0.95,,94,reviewed,ci,ci
1992-06-29T14:08:37.730Z,34.105,-116.403,9.649,5.69,ml,0,89.3,,0.272,ci,ci3031935,2021-03-09T23:59:32.821Z,"3km ESE of Yucca Valley, California",earthquake,,0.801,,12,reviewed,ci,ci
1992-06-29T10:14:23.180Z,36.698,-116.289,9.07,5.4,ms,21,277,,1.67,ci,ci3031537,2020-08-25T22:23:29.786Z,"48km ESE of Beatty, NV",earthquake,99,31.61,,0,reviewed,ci,ci
1992-06-28T17:05:57.560Z,34.255,-116.912,6.553,5.26,ml,0,36.7,,0.222,ci,ci3031157,2016-02-10T07:27:06.031Z,"1km N of Big Bear Lake, California",earthquake,,1.118,,11,reviewed,ci,ci
1992-06-28T15:05:30.730Z,34.203,-116.827,3.634,6.3,mw,0,95.4,,0.226,ci,ci3031425,2021-03-20T23:47:44.483Z,"7km SSE of Big Bear City, CA",earthquake,,91.295,,0,reviewed,ci,ci
1992-06-28T14:43:21.850Z,34.162,-116.852,9.615,5.53,ml,0,70.9,,0.146,ci,ci2057008,2020-07-09T21:16:06.046Z,"11km SSE of Big Bear Lake, California",earthquake,,2.031,,11,reviewed,ci,ci
1992-06-28T12:40:53.570Z,34.3411667,-116.51067,4.388,5.41,ml,23,219,,0.44,ci,ci2056980,2016-04-02T05:35:46.705Z,"26km NNW of Yucca Valley, CA",earthquake,2.66,31.61,,6,reviewed,ci,ci
1992-06-28T12:36:40.770Z,34.115,-116.42633,7.502,5.49,ml,30,176,,0.41,ci,ci2056979,2016-04-02T08:46:00.545Z,"0km E of Yucca Valley, CA",earthquake,1.46,1.85,,11,reviewed,ci,ci
1992-06-28T12:02:31.080Z,34.1031667,-116.42467,5.586,5,mh,3,285,0.1692,0.4,ci,ci12178455,2016-02-10T18:01:58.992Z,"1km SSE of Yucca Valley, California",earthquake,5.95,31.61,,0,reviewed,ci,ci
1992-06-28T12:02:16.960Z,34.0605,-116.47267,5.378,5,mh,3,279,0.1441,0.14,ci,ci12178451,2016-02-10T03:55:02.486Z,"7km SSW of Yucca Valley, California",earthquake,2.4,31.61,,0,reviewed,ci,ci
1992-06-28T12:01:16.190Z,34.12,-116.323,5.706,5.7,ml,0,251.6,,0.224,ci,ci3043630,2020-07-09T21:19:16.170Z,"2km SSW of Joshua Tree, California",earthquake,,,,9,reviewed,ci,ci
1992-06-28T12:00:45.000Z,34.131,-116.408,-1.1,5.77,ml,0,158.7,,0.194,ci,ci3043549,2020-07-09T21:19:03.350Z,"3km NE of Yucca Valley, California",earthquake,,2.73,,11,reviewed,ci,ci
1992-06-28T11:57:34.130Z,34.2,-116.437,-0.097,7.3,mw,0,43.4,,0.194,ci,ci3031111,2021-03-20T23:47:00.956Z,"Landers, California Earthquake",earthquake,,0.31,,0,reviewed,ci,ci
1992-04-26T11:18:25.980Z,40.3828333,-124.555,21.713,6.57,mw,25,247,0.1901,0.07,nc,nc268078,2020-07-07T22:34:30.081Z,offshore Northern California,earthquake,1.09,0.35,,1,reviewed,nc,nc
1992-04-26T07:41:40.090Z,40.4325,-124.566,18.824,6.45,mw,34,248,0.1802,0.12,nc,nc268031,2020-07-07T22:34:12.881Z,offshore Northern California,earthquake,1.31,0.34,,1,reviewed,nc,nc
1992-04-25T18:06:05.180Z,40.3353333,-124.22867,9.856,7.2,mh,9,115,0.1072,0.07,nc,nc269151,2021-04-26T19:23:47.559Z,"20km SSW of Rio Dell, California",earthquake,0.33,0.64,,0,reviewed,nc,nc
1992-04-23T04:50:23.230Z,33.96,-116.317,11.629,6.1,mw,0,63.1,,0.256,ci,ci3019681,2021-01-07T23:39:01.254Z,"17km NNE of Thousand Palms, California",earthquake,,0.216,,0,reviewed,ci,ci
1992-03-26T16:30:00.580Z,37.2723333,-116.35983,0.01,5.12,ml,126,238,,0.41,ci,ci2045731,2016-04-02T08:38:56.423Z,"53km NE of Beatty, NV",nuclear explosion,99,31.61,0.083,9,reviewed,ci,ci
1992-03-08T03:43:04.050Z,40.2326667,-124.2625,9.48,5.32,md,19,202,0.08108,0.06,nc,nc255182,2020-07-10T14:21:07.121Z,Northern California,earthquake,0.6,0.61,0.38,328,reviewed,nc,nc
1991-09-17T21:10:29.020Z,35.8103333,-121.33483,9.184,5.2,ml,61,167,0.04054,0.09,nc,nc231726,2020-07-10T14:20:55.015Z,Central California,earthquake,0.22,0.4,,0,reviewed,nc,nc
1991-08-17T19:29:40.000Z,40.2516667,-124.28583,8.32,6,ml,32,196,0.1063,0.09,nc,nc228027,2021-01-07T22:06:00.870Z,Northern California,earthquake,0.36,0.41,,0,reviewed,nc,nc
1991-06-28T14:43:54.660Z,34.27,-117.993,8.049,5.8,mw,0,14.3,,0.264,ci,ci2021449,2020-07-07T22:08:03.408Z,"13km NNE of Sierra Madre, CA",earthquake,,0.304,,0,reviewed,ci,ci
1991-04-16T15:30:00.690Z,37.2453333,-116.44167,0.01,5.06,ml,122,237,,0.4,ci,ci2016705,2016-04-02T12:05:23.214Z,"46km NE of Beatty, NV",nuclear explosion,99,31.61,0.123,8,reviewed,ci,ci
1991-04-04T19:00:00.780Z,37.2961667,-116.31283,0.01,5.13,ml,69,271,,0.24,ci,ci2015859,2016-04-01T23:08:58.232Z,"58km NE of Beatty, NV",nuclear explosion,99,31.61,0.089,6,reviewed,ci,ci
1990-11-14T19:17:00.670Z,37.2273333,-116.37117,0.01,5.02,ml,107,239,,0.39,ci,ci2007484,2016-04-01T23:15:52.136Z,"49km NE of Beatty, NV",nuclear explosion,99,31.61,0.223,14,reviewed,ci,ci
1990-10-24T06:15:19.950Z,38.0618333,-119.11917,10.903,5.8,ml,124,173,0.3577,0.13,nc,nc20092556,2020-07-10T14:20:09.880Z,Central California,earthquake,0.23,0.32,,0,reviewed,nc,nc
1990-06-13T16:00:00.700Z,37.2616667,-116.42017,0.01,5.08,ml,160,237,,0.43,ci,ci2000285,2016-04-02T02:32:53.068Z,"49km NE of Beatty, NV",nuclear explosion,99,31.61,0.201,8,reviewed,ci,ci
1990-04-18T15:46:03.450Z,36.9588333,-121.6845,6.641,5.1,ml,87,28,0.00991,0.09,nc,nc20091155,2016-12-17T05:06:53.470Z,Northern California,earthquake,0.14,0.28,,0,reviewed,nc,nc
1990-04-18T13:53:51.300Z,36.9323333,-121.65683,5.488,5.4,ml,100,36,0.004505,0.11,nc,nc20091154,2016-12-17T05:03:49.270Z,Northern California,earthquake,0.16,0.29,,0,reviewed,nc,nc
1990-02-28T23:43:36.750Z,34.144,-117.697,3.292,5.51,ml,0,30.9,,0.27,ci,ci1053635,2020-07-07T22:02:22.752Z,"6km NNE of Claremont, CA",earthquake,,0.155,,14,reviewed,ci,ci
1990-01-16T20:08:20.460Z,40.2425,-124.2975,3.759,5.4,ml,147,247,0.6297,0.2,nc,nc10090568,2020-04-16T19:25:02.411Z,Northern California,earthquake,0.98,3.15,,0,reviewed,nc,nc